product_id,product_name,category,price,stock_quantity,description,supplier_id
1,Upgradable mission-critical superstructure Pro,Food & Beverages,288.81,336,"Score we house material. Much point hard.
Home believe five be look hundred. Side stay stop fast.",2
2,Vision-oriented well-modulated system engine Deluxe,Clothing,329.38,476,"Ask our degree. Direction door take gun majority everyone. Read great couple life wear town far.
Have training report others. Result language southern second fine.",8
3,Horizontal value-added project Standard,Home & Garden,811.1,485,Century among fund build yourself. Instead movement itself spend prove. Investment pay learn degree.,12
4,Phased upward-trending Graphical User Interface Standard,Food & Beverages,553.75,307,Story begin anything friend worker they official wonder. Eat material officer only. School thought sense individual green drop.,3
5,Vision-oriented even-keeled installation Pro,Home & Garden,149.64,186,Hope least down structure yeah girl artist. Night we hold sell.,1
6,Function-based content-based protocol Standard,Food & Beverages,830.6,318,"About later education pass whatever. Scientist area out hit hold half establish garden. While response provide.
But approach attention room condition drop. Positive business yard its.",12
7,Optional 24hour process improvement Premium,Beauty,517.58,463,Thousand toward since talk. Well check role care idea environmental too matter. Million student national down call air become eye.,6
8,Automated well-modulated attitude Deluxe,Food & Beverages,210.36,27,"City describe degree eight. Participant shoulder time building candidate.
Education time quite red line. Discussion she high. National trip debate draw.",15
9,Upgradable executive focus group Premium,Toys,564.9,445,"Study deep behind local couple store. Bring window employee simple body lead own region. Go rise also through production modern.
Page travel wall gun. Send certainly one such put role worry.",14
10,Persevering modular focus group Standard,Books,187.0,225,"Maintain attorney nice market. True society hit painting during former work. Choice write of.
Fight story meeting I drug city turn. Difficult defense cup wall fear throw rock.",5
11,Multi-lateral even-keeled budgetary management Pro,Toys,341.18,494,Discussion account deal check form good bed. Either together not than last quality treatment. Individual law ever change order road learn.,13
12,Pre-emptive object-oriented hierarchy Basic,Electronics,369.33,154,"Population tax special cause bad your ask we. Song plan about drive head she condition.
School issue soldier customer. Magazine including data leave enjoy point bill bag.",5
13,Optional full-range complexity Basic,Food & Beverages,180.9,10,"Yeah question teacher election. Window over continue.
Popular crime structure for nice foreign. Move far black growth program focus.",6
14,Persistent uniform knowledgebase Premium,Clothing,343.12,163,Environment check nearly loss early guess least. Dark past drive peace teacher.,9
15,Managed fault-tolerant customer loyalty Standard,Home & Garden,313.57,395,Specific yard you education recognize hand need model. Far night quite nor significant cell.,3
16,Multi-tiered zero tolerance artificial intelligence Premium,Toys,999.02,433,"Performance everybody raise do. Remain case life find.
Easy chance identify. Business suffer here senior me share.
Line first own key. Style real main sort simple other.",11
17,Pre-emptive even-keeled database Pro,Sports,921.47,394,"News civil believe cell drive soon ask. Rich writer medical return center.
Girl body behind physical grow. Water score garden yes.",11
18,Reverse-engineered contextually-based structure Premium,Beauty,253.57,91,"Control language third include traditional full him. Subject level even mean civil eight. Leg itself born wonder skill.
We democratic age they. Understand stuff focus analysis wife reality run.",11
19,Profound tangible application Basic,Sports,223.59,289,"Paper high marriage my assume here free. Data certainly skin far toward.
Question smile tax buy firm current. Street bed certainly writer cover company.",2
20,Innovative bi-directional matrices Deluxe,Home & Garden,277.49,74,"Affect least condition ok. Election enough evidence success.
Leg return wait thank. Food not ability sometimes finally gun.
Alone this world study argue money. Politics out service brother.",15
21,Re-contextualized regional installation Standard,Sports,328.68,165,"Behavior power toward phone home Democrat hit. Month brother beat participant professor.
Choose child investment big early son performance. Bed happy different able large statement church.",4
22,Universal explicit model Pro,Food & Beverages,609.51,329,"Ask middle investment cause fly pretty. Better fight walk rest realize even. Mean fast professional six federal.
Major wait knowledge collection security. Into fund respond down money street window.",15
23,Open-source homogeneous standardization Pro,Books,755.72,483,Ahead cultural guy past real else. Example idea order above. Director paper whose. Lead age wind mother.,10
24,Object-based 3rdgeneration complexity Deluxe,Electronics,278.6,350,Including head imagine first figure enter. Act bad at start outside generation process building. Which wish receive senior president chance question happy.,7
25,Exclusive fresh-thinking alliance Premium,Electronics,790.81,473,My white tend again since artist. Parent agree hair significant nation loss always increase. Traditional result indeed single bag outside.,11
26,Phased analyzing project Premium,Books,138.65,338,Into town where because little. His set send those life court. Southern miss watch who happen try teach.,1
27,Face-to-face well-modulated Local Area Network Standard,Sports,719.74,104,Property road officer start whether country growth. Wind could relationship wall fill wide brother. During style scientist maintain country.,10
28,Streamlined bi-directional definition Pro,Clothing,429.1,290,Nice civil professional scientist race audience. Note since box sort real something professor. Finally painting term today. Democrat beat common piece bill gun red remain.,4
29,Reactive methodical matrices Standard,Food & Beverages,500.69,160,"Between career push risk have far maintain sit. Health rest fly line work professor. Use evening draw drive.
Hundred build property. On fall that many.
Staff one actually show around.",4
30,Sharable user-facing groupware Pro,Sports,718.13,446,"Special their no safe item smile. Discussion general happen run. Every development name sit doctor.
Risk clear husband decision only threat.",4
31,Integrated holistic capacity Basic,Clothing,569.05,321,"Stock your build she sport minute. Show action job. Ever simply Congress those.
Describe effect live figure population. Strong represent here hundred film.",15
32,Cloned discrete matrices Pro,Food & Beverages,373.52,177,Increase friend peace leave would. Well score into range. Ahead throw alone.,11
33,Re-engineered non-volatile standardization Pro,Sports,236.26,402,"Technology collection those term. Arrive force couple research decide summer.
Safe people shake blood young part.
Better today matter think administration see. Himself she deal try.",2
34,Ameliorated bi-directional focus group Standard,Books,493.4,88,"Spend actually else figure against research song. Clearly evening sell remain national recognize hair.
Chance project many yeah. Fund late describe. Meet likely more kid.",7
35,Decentralized upward-trending website Deluxe,Electronics,672.47,70,Tough back few high smile. People argue cup trial. There spend dark mind nature skill actually expert.,8
36,Implemented multi-state framework Standard,Books,987.01,219,Pm major series wonder view. Book magazine onto relationship wonder glass member anyone. Stay window over water anything goal. Administration born family number bed.,7
37,Switchable grid-enabled strategy Standard,Electronics,182.33,149,Time future move guess institution international. Prevent agent sound up million rest pick. Provide land without cost anyone really industry.,13
38,Progressive analyzing encoding Deluxe,Home & Garden,494.2,22,Return ahead beyond record meeting operation. Grow way forward sea action. Election necessary energy cup smile treat put.,2
39,Virtual client-driven structure Standard,Books,248.07,337,Shake reflect office prevent system office. Director seem five environment religious. Include citizen even certain.,10
40,Cloned demand-driven core Pro,Electronics,181.29,486,Thank cultural nation development. Past mention decision either quite.,5
41,Future-proofed regional product Pro,Food & Beverages,515.38,109,"Price state force hear push one. Reduce trade enough painting develop eight Mrs part.
Not rock follow scene. Turn chance his policy commercial.",2
42,Total holistic collaboration Deluxe,Sports,213.79,265,"Notice hospital project clearly. Wait also I new dream spring.
Study ok large life provide. Admit phone position standard develop term. Million arm born feel necessary money.",12
43,Intuitive content-based collaboration Premium,Clothing,883.5,46,"Fact administration growth home. Sound poor successful choice black why debate ability.
Human build room form enter already. Often think especially girl officer.",9
44,Configurable background budgetary management Standard,Beauty,64.39,459,"Different fall hand cover again chair. Parent key house drive.
Off security plant left left both citizen little. Language speak recently marriage design consider drive.",11
45,Mandatory non-volatile solution Pro,Electronics,857.21,347,"Threat eight drop over market smile drug knowledge. Himself remain kind radio run garden most.
Drop painting analysis each result. According open chair since like course.",8
46,Open-source fault-tolerant customer loyalty Deluxe,Beauty,179.16,40,Say trial voice city out modern. As add risk explain son door compare. Page better majority most.,15
47,Operative impactful productivity Deluxe,Beauty,551.47,180,"Since today early federal to. Bank similar beyond remain window tough treat.
Think throw summer government build. Relationship movie fight far.",6
48,Persistent intangible analyzer Standard,Clothing,728.83,345,"Color mind which. Building list front consumer.
Tonight community certainly. Capital story rich man sound myself relationship. Power community person else send serious.",6
49,Multi-tiered global Internet solution Premium,Sports,910.23,129,Deep everything city choice. Meeting so low continue. Particularly write staff work left character. Protect success often though last.,6
50,Advanced needs-based Graphical User Interface Pro,Home & Garden,592.01,265,"East speech door few young natural. Attention lose today end home. Southern suddenly public plant central admit take reach.
Friend sense however wish. Past woman task feel home.",5
51,Open-architected radical instruction set Pro,Sports,721.49,103,News wait away still. Hundred attention if commercial. Reduce then method. Stand step than low lead itself.,10
52,User-friendly demand-driven collaboration Basic,Sports,648.04,82,"Somebody simply politics build believe. Sell hair nice actually media.
Reality happen almost practice. Case long agreement opportunity.",15
53,Configurable multi-tasking monitoring Deluxe,Toys,174.24,370,"Grow tonight really live.
Cause tell usually join. If war ten establish.
Year compare lose several. Particularly whatever speak everybody new. Process sometimes black bad.",10
54,Distributed eco-centric complexity Deluxe,Beauty,393.32,374,"Whatever marriage think positive region happy. While word man material face. Language push wish simply movement.
Four before million policy space. Green year morning street debate.",11
55,Diverse coherent knowledge user Deluxe,Beauty,607.44,0,"Between stop when. Evidence generation far behavior five town.
Deal yourself half soldier floor. Tonight be major life article writer send. Simply join evening across what.",9
56,Grass-roots uniform installation Premium,Sports,230.63,312,"Face skill save ok when. Technology public kind product man.
Simple system design say walk decide financial. Scientist ball girl set imagine.",3
57,Exclusive multi-state approach Basic,Beauty,369.17,361,"Stand nearly read suggest us subject anyone. Five provide later late can medical.
Peace hot many night much point. Opportunity kind color call raise. Next much star suggest.",9
58,Automated stable utilization Pro,Clothing,201.18,321,Pattern for enjoy night. Late former more save many point form. Data pick key individual.,1
59,Triple-buffered optimal migration Basic,Clothing,996.84,410,Foot government art official. When peace kid big something. Situation with choose again Congress there.,14
60,Business-focused 24hour function Pro,Sports,887.47,388,"Church add assume reduce also feeling court state. Team ever address. Assume get late help information.
Beyond concern consumer. Soon surface decade situation city positive impact whatever.",5
61,Fully-configurable object-oriented moratorium Premium,Books,940.53,486,"Admit light when event expert stand. National training choice best over prove. Style provide many.
Voice almost special send film.
Most truth hundred. Structure make treat final development ready.",14
62,Centralized foreground pricing structure Premium,Beauty,945.08,262,"Lay wife control. Plan blue wrong public arm buy politics.
Have occur alone husband environmental available. Break get offer also.",1
63,Organic responsive pricing structure Premium,Beauty,396.49,478,"Security draw at next media admit. System man former rate authority center whom.
Method beautiful total adult right admit area. Eat court newspaper the until serve. Center gas skin among tree.",3
64,Distributed solution-oriented Graphic Interface Premium,Home & Garden,429.86,450,"Something up issue time. Item out real money.
Get research matter sit look.
Go leader form who. Class reduce traditional break issue. Point identify vote store.",13
65,Extended solution-oriented framework Pro,Electronics,311.17,331,"Treatment go forget sell. Machine such impact case. Generation tend size draw account forward eight.
Car yes marriage nor argue. Order employee life. Allow manage product nothing book marriage.",5
66,Integrated fault-tolerant matrix Premium,Electronics,212.81,250,"Nice subject operation memory. Realize account realize end. Without wind pressure visit.
Character no outside cover set.",4
67,Triple-buffered encompassing hub Premium,Electronics,709.25,350,"Within law focus sea eight. Staff team man near.
If site political. Sit start usually call. Figure five major food.",11
68,Down-sized hybrid emulation Pro,Sports,450.64,4,"Deep offer allow various off notice. Defense task building improve.
Push drive reduce evening financial one. Develop exactly box understand strategy half poor.",14
69,Proactive executive circuit Standard,Sports,936.59,137,"Happy again late build anything pass. While when statement action senior.
Agreement investment head marriage next. Little test bill decide.",14
70,Universal stable synergy Standard,Books,418.05,405,"Serious more economy season. Above husband feel wide sometimes store rich. Policy seek shoulder.
Play similar big Congress perform similar. Create window stuff be behind else about they.",4
71,Ergonomic dynamic standardization Deluxe,Home & Garden,817.1,422,Provide realize fund team respond. Only probably oil about response. South least answer environment success leg leave.,11
72,Exclusive background definition Deluxe,Clothing,976.64,340,Successful information son poor everything change. Treatment fear by street. Pretty appear president amount figure.,4
73,Reverse-engineered solution-oriented infrastructure Premium,Books,673.66,237,"School green report teach tough never free. Design themselves she newspaper ever technology.
Reduce rather until treat over. West population job.",7
74,Realigned contextually-based policy Premium,Clothing,87.9,173,"Activity question expert. Staff without threat.
Sit peace mission attention. Majority listen music group country.
Conference impact affect four call. Front argue address eight.",14
75,Digitized holistic moderator Pro,Beauty,613.09,292,Left institution condition. Such pretty service newspaper until. Statement response upon instead quality mean.,9
76,Compatible radical productivity Pro,Clothing,392.13,173,"Have life bit minute they east go serious. Believe but alone. Future rest probably tend.
Show court her describe drug anyone exist. Somebody positive grow key.",9
77,Automated optimal knowledgebase Deluxe,Food & Beverages,814.53,144,"Mrs but can development base more. Wear any could event rise scientist check it.
Step final interesting might store meet.",4
78,Proactive user-facing monitoring Standard,Clothing,746.15,87,"Staff certainly deep beyond simply woman.
Opportunity instead raise account. Get myself then magazine many building.",7
79,Open-source coherent contingency Basic,Clothing,125.93,406,"Family candidate space before. Prove move never sort article interesting soon. Allow officer brother word every ability option.
Recognize ability concern sea professor. Republican believe choose.",14
80,Programmable multi-tasking concept Basic,Beauty,877.52,247,"Truth base blood game. Themselves couple party can clearly particular. Goal special city.
Get idea wear get. Medical build very season cup family something. Once fine thus design.",15
